ecrivains;lecteurs;run;real
1;1;1;0.005483939
1;1;2;0.006070450
1;1;3;0.005469582
1;1;4;0.005767719
1;1;5;0.005633605
2;2;1;0.011825097
2;2;2;0.010623345
2;2;3;0.011796918
2;2;4;0.010604792
2;2;5;0.011657654
4;4;1;0.012981158
4;4;2;0.011686326
4;4;3;0.012520476
4;4;4;0.013013775
4;4;5;0.011796752
8;8;1;0.013916838
8;8;2;0.013914642
8;8;3;0.013912347
8;8;4;0.014145427
8;8;5;0.013922055
16;16;1;0.013069199
16;16;2;0.013215304
16;16;3;0.013092446
16;16;4;0.012952807
16;16;5;0.013150335
