threads;run;real;user;sys
2;1;0.159872417
2;2;0.211544323
2;3;0.166681504
2;4;0.202499584
2;5;0.153804676
4;1;0.306713319
4;2;0.319410699
4;3;0.364098246
4;4;0.374868394
4;5;0.288563237
8;1;0.564085626
8;2;0.547829830
8;3;0.579962821
8;4;0.559649985
8;5;0.590784054
16;1;0.969098335
16;2;0.991995966
16;3;1.019028566
16;4;1.036757321
16;5;1.009124716
32;1;2.013463818
32;2;2.038207683
32;3;1.999561149
32;4;2.019562647
32;5;2.028607558
